{"meta":{"version":1,"warehouse":"4.0.2"},"models":{"Asset":[{"_id":"themes/default/source/css/mdui.css","path":"css/mdui.css","modified":0,"renderable":1},{"_id":"themes/default/source/css/style.css","path":"css/style.css","modified":0,"renderable":1},{"_id":"themes/default/source/images/avatar.png","path":"images/avatar.png","modified":0,"renderable":1},{"_id":"themes/default/source/images/banner.png","path":"images/banner.png","modified":0,"renderable":1},{"_id":"themes/default/source/images/grey.png","path":"images/grey.png","modified":0,"renderable":1},{"_id":"themes/default/source/images/favicon.png","path":"images/favicon.png","modified":0,"renderable":1},{"_id":"themes/default/source/js/mdui.js","path":"js/mdui.js","modified":0,"renderable":1},{"_id":"themes/default/source/js/script.js","path":"js/script.js","modified":0,"renderable":1},{"_id":"themes/default/source/fonts/roboto/LICENSE.txt","path":"fonts/roboto/LICENSE.txt","modified":0,"renderable":1},{"_id":"themes/default/source/fonts/roboto/Roboto-Black.woff","path":"fonts/roboto/Roboto-Black.woff","modified":0,"renderable":1},{"_id":"themes/default/source/fonts/roboto/Roboto-Black.woff2","path":"fonts/roboto/Roboto-Black.woff2","modified":0,"renderable":1},{"_id":"themes/default/source/fonts/roboto/Roboto-BlackItalic.woff","path":"fonts/roboto/Roboto-BlackItalic.woff","modified":0,"renderable":1},{"_id":"themes/default/source/fonts/roboto/Roboto-BlackItalic.woff2","path":"fonts/roboto/Roboto-BlackItalic.woff2","modified":0,"renderable":1},{"_id":"themes/default/source/fonts/roboto/Roboto-Bold.woff","path":"fonts/roboto/Roboto-Bold.woff","modified":0,"renderable":1},{"_id":"themes/default/source/fonts/roboto/Roboto-Bold.woff2","path":"fonts/roboto/Roboto-Bold.woff2","modified":0,"renderable":1},{"_id":"themes/default/source/fonts/roboto/Roboto-BoldItalic.woff","path":"fonts/roboto/Roboto-BoldItalic.woff","modified":0,"renderable":1},{"_id":"themes/default/source/fonts/roboto/Roboto-BoldItalic.woff2","path":"fonts/roboto/Roboto-BoldItalic.woff2","modified":0,"renderable":1},{"_id":"themes/default/source/fonts/roboto/Roboto-Light.woff","path":"fonts/roboto/Roboto-Light.woff","modified":0,"renderable":1},{"_id":"themes/default/source/fonts/roboto/Roboto-Light.woff2","path":"fonts/roboto/Roboto-Light.woff2","modified":0,"renderable":1},{"_id":"themes/default/source/fonts/roboto/Roboto-LightItalic.woff","path":"fonts/roboto/Roboto-LightItalic.woff","modified":0,"renderable":1},{"_id":"themes/default/source/fonts/roboto/Roboto-LightItalic.woff2","path":"fonts/roboto/Roboto-LightItalic.woff2","modified":0,"renderable":1},{"_id":"themes/default/source/fonts/roboto/Roboto-Medium.woff","path":"fonts/roboto/Roboto-Medium.woff","modified":0,"renderable":1},{"_id":"themes/default/source/fonts/roboto/Roboto-Medium.woff2","path":"fonts/roboto/Roboto-Medium.woff2","modified":0,"renderable":1},{"_id":"themes/default/source/fonts/roboto/Roboto-MediumItalic.woff","path":"fonts/roboto/Roboto-MediumItalic.woff","modified":0,"renderable":1},{"_id":"themes/default/source/fonts/roboto/Roboto-Regular.woff","path":"fonts/roboto/Roboto-Regular.woff","modified":0,"renderable":1},{"_id":"themes/default/source/fonts/roboto/Roboto-Regular.woff2","path":"fonts/roboto/Roboto-Regular.woff2","modified":0,"renderable":1},{"_id":"themes/default/source/fonts/roboto/Roboto-MediumItalic.woff2","path":"fonts/roboto/Roboto-MediumItalic.woff2","modified":0,"renderable":1},{"_id":"themes/default/source/fonts/roboto/Roboto-RegularItalic.woff","path":"fonts/roboto/Roboto-RegularItalic.woff","modified":0,"renderable":1},{"_id":"themes/default/source/fonts/roboto/Roboto-RegularItalic.woff2","path":"fonts/roboto/Roboto-RegularItalic.woff2","modified":0,"renderable":1},{"_id":"themes/default/source/fonts/roboto/Roboto-Thin.woff","path":"fonts/roboto/Roboto-Thin.woff","modified":0,"renderable":1},{"_id":"themes/default/source/fonts/roboto/Roboto-Thin.woff2","path":"fonts/roboto/Roboto-Thin.woff2","modified":0,"renderable":1},{"_id":"themes/default/source/fonts/roboto/Roboto-ThinItalic.woff","path":"fonts/roboto/Roboto-ThinItalic.woff","modified":0,"renderable":1},{"_id":"themes/default/source/fonts/roboto/Roboto-ThinItalic.woff2","path":"fonts/roboto/Roboto-ThinItalic.woff2","modified":0,"renderable":1},{"_id":"themes/default/source/images/random/material-1.png","path":"images/random/material-1.png","modified":0,"renderable":1},{"_id":"themes/default/source/images/random/material-10.png","path":"images/random/material-10.png","modified":0,"renderable":1},{"_id":"themes/default/source/images/random/material-11.png","path":"images/random/material-11.png","modified":0,"renderable":1},{"_id":"themes/default/source/images/random/material-12.png","path":"images/random/material-12.png","modified":0,"renderable":1},{"_id":"themes/default/source/images/random/material-13.png","path":"images/random/material-13.png","modified":0,"renderable":1},{"_id":"themes/default/source/images/random/material-14.png","path":"images/random/material-14.png","modified":0,"renderable":1},{"_id":"themes/default/source/images/random/material-15.png","path":"images/random/material-15.png","modified":0,"renderable":1},{"_id":"themes/default/source/images/random/material-16.png","path":"images/random/material-16.png","modified":0,"renderable":1},{"_id":"themes/default/source/images/random/material-17.png","path":"images/random/material-17.png","modified":0,"renderable":1},{"_id":"themes/default/source/images/random/material-18.png","path":"images/random/material-18.png","modified":0,"renderable":1},{"_id":"themes/default/source/images/random/material-19.png","path":"images/random/material-19.png","modified":0,"renderable":1},{"_id":"themes/default/source/images/random/material-2.png","path":"images/random/material-2.png","modified":0,"renderable":1},{"_id":"themes/default/source/images/random/material-3.png","path":"images/random/material-3.png","modified":0,"renderable":1},{"_id":"themes/default/source/images/random/material-4.png","path":"images/random/material-4.png","modified":0,"renderable":1},{"_id":"themes/default/source/images/random/material-5.png","path":"images/random/material-5.png","modified":0,"renderable":1},{"_id":"themes/default/source/images/random/material-6.png","path":"images/random/material-6.png","modified":0,"renderable":1},{"_id":"themes/default/source/images/random/material-7.png","path":"images/random/material-7.png","modified":0,"renderable":1},{"_id":"themes/default/source/images/random/material-8.png","path":"images/random/material-8.png","modified":0,"renderable":1},{"_id":"themes/default/source/images/random/material-9.png","path":"images/random/material-9.png","modified":0,"renderable":1},{"_id":"themes/default/source/icons/custom-icons/iconfont.eot","path":"icons/custom-icons/iconfont.eot","modified":0,"renderable":1},{"_id":"themes/default/source/icons/custom-icons/iconfont.ttf","path":"icons/custom-icons/iconfont.ttf","modified":0,"renderable":1},{"_id":"themes/default/source/icons/custom-icons/iconfont.svg","path":"icons/custom-icons/iconfont.svg","modified":0,"renderable":1},{"_id":"themes/default/source/icons/custom-icons/iconfont.woff","path":"icons/custom-icons/iconfont.woff","modified":0,"renderable":1},{"_id":"themes/default/source/icons/custom-icons/iconfont.woff2","path":"icons/custom-icons/iconfont.woff2","modified":0,"renderable":1},{"_id":"themes/default/source/icons/material-icons/LICENSE.txt","path":"icons/material-icons/LICENSE.txt","modified":0,"renderable":1},{"_id":"themes/default/source/icons/material-icons/MaterialIcons-Regular.ijmap","path":"icons/material-icons/MaterialIcons-Regular.ijmap","modified":0,"renderable":1},{"_id":"themes/default/source/icons/material-icons/MaterialIcons-Regular.woff","path":"icons/material-icons/MaterialIcons-Regular.woff","modified":0,"renderable":1},{"_id":"themes/default/source/icons/material-icons/MaterialIcons-Regular.woff2","path":"icons/material-icons/MaterialIcons-Regular.woff2","modified":0,"renderable":1}],"Cache":[{"_id":"source/_posts/hello-world.md","hash":"be6bbff74d2addc39ad172a49a0aac1f40192e73","modified":1667387450469},{"_id":"themes/default/.gitignore","hash":"a79a1bbb4438ed2582135578b91d3d81757bf29d","modified":1667386808647},{"_id":"themes/default/README.md","hash":"73d67a50733d48427851afdd790fb6f368d62638","modified":1667386808647},{"_id":"themes/default/_config.template.yml","hash":"50f7395af93097c87fd868db26393cb54a9c0497","modified":1667386808648},{"_id":"themes/default/languages/en.yml","hash":"aad9854fa9728aaa9388a46b6417a2d391f6e954","modified":1667386808649},{"_id":"themes/default/languages/default.yml","hash":"da38f00bb45a318f118db0d74df24a137351777e","modified":1667386808648},{"_id":"themes/default/languages/zh-CN.yml","hash":"7f758c921aa9aa79e8d99f6a3dd542f54711f544","modified":1667386808649},{"_id":"themes/default/languages/zh-TW.yml","hash":"be5d9081b74eaaeee66a8480694e6eacb8a4099c","modified":1667386808650},{"_id":"themes/default/layout/category.ejs","hash":"e7062d08cfff13dfe8b8c8915a2eb0fafb0ae567","modified":1667386808659},{"_id":"themes/default/layout/archive.ejs","hash":"e7062d08cfff13dfe8b8c8915a2eb0fafb0ae567","modified":1667386808659},{"_id":"themes/default/layout/index.ejs","hash":"e7062d08cfff13dfe8b8c8915a2eb0fafb0ae567","modified":1667386808660},{"_id":"themes/default/layout/layout.ejs","hash":"1039fafea1211e221cab84cf9275f7b6aaa2129b","modified":1667386808660},{"_id":"themes/default/layout/page.ejs","hash":"f3974e4c226647506fb25b187baf8ce2778b936b","modified":1667386808661},{"_id":"themes/default/layout/post.ejs","hash":"f3974e4c226647506fb25b187baf8ce2778b936b","modified":1667386808661},{"_id":"themes/default/layout/tag.ejs","hash":"e7062d08cfff13dfe8b8c8915a2eb0fafb0ae567","modified":1667386808662},{"_id":"themes/default/scripts/index.js","hash":"d590950db67c16e99b4bd8636bb98f5ccedd6da0","modified":1667386808663},{"_id":"themes/default/layout/_partial/archive.ejs","hash":"31404e43e0ea460a2ab044cb65cad8a5d8d66cf3","modified":1667386808651},{"_id":"themes/default/layout/_partial/article.ejs","hash":"9524b62f3b1311026dca174605a92ee1f5cc690d","modified":1667386808651},{"_id":"themes/default/layout/_partial/footer.ejs","hash":"f88afaf0b6dc9420dada2bed95952e57aabeab2d","modified":1667386808652},{"_id":"themes/default/layout/_partial/head.ejs","hash":"872d0e5e3080ff9b1d4771b4a766b45b02df2bbf","modified":1667386808652},{"_id":"themes/default/layout/_partial/header.ejs","hash":"1affe9d217eeffd72edea8ddec451d73d0b532a5","modified":1667386808653},{"_id":"themes/default/layout/_partial/sidebar.ejs","hash":"5c71d94f1f953a674390d8e7ba0e253c74bd4948","modified":1667386808653},{"_id":"themes/default/source/css/style.css","hash":"ee763cd8d75171a785d3b368561b22d6047d6f62","modified":1667386808666},{"_id":"themes/default/source/images/avatar.png","hash":"bf483b0d495dbbcfb308348a945818e1c1cc9696","modified":1667386808694},{"_id":"themes/default/source/images/grey.png","hash":"4562825d902a6cdb6414c75bfad492d98584c63a","modified":1667386808695},{"_id":"themes/default/source/images/favicon.png","hash":"b1bcc84cedb2a618e8db93559ce7d58f9274085d","modified":1667386808695},{"_id":"themes/default/layout/_widget/analytics/baidu-analytics.ejs","hash":"0807ed9d4fbd3865531ed0f4cd371761be461417","modified":1667386808655},{"_id":"themes/default/source/js/script.js","hash":"a0194d4e3a1d7fe533eed98eee3e7dd3a649e94c","modified":1667386808712},{"_id":"themes/default/layout/_widget/analytics/cnzz-analytics.ejs","hash":"29b435491a51606e02e31ea1ccb0e22b52f4cc2d","modified":1667386808655},{"_id":"themes/default/layout/_widget/analytics/google-analytics.ejs","hash":"88f5bd4a25b68d03481bdedef320c31f624bb532","modified":1667386808656},{"_id":"themes/default/layout/_widget/comment/changyan.ejs","hash":"121cf76f18d2d833b5deebec45b681d7b5aca84f","modified":1667386808656},{"_id":"themes/default/layout/_widget/comment/disqus.ejs","hash":"18a38eacf7c1ec56ee8bed24f359d559b63fc6e2","modified":1667386808657},{"_id":"themes/default/layout/_widget/comment/gitalk.ejs","hash":"0e21ba555fd1337ae9578774e235fec7e605d7c5","modified":1667386808657},{"_id":"themes/default/layout/_widget/comment/livere.ejs","hash":"339a6e8806dbb74c72067850be3c59c06252a5d8","modified":1667386808658},{"_id":"themes/default/layout/_widget/comment/valine.ejs","hash":"be3f1543359ccae79ff7de9caaa22e0dba34fab0","modified":1667386808658},{"_id":"themes/default/source/fonts/roboto/LICENSE.txt","hash":"b314c7ebb7d599944981908b7f3ed33a30e78f3a","modified":1667386808667},{"_id":"themes/default/source/fonts/roboto/Roboto-Black.woff2","hash":"36dd174e41242ff6318083409f7e6c700b25eba2","modified":1667386808669},{"_id":"themes/default/source/fonts/roboto/Roboto-Bold.woff2","hash":"9074123ec9d4d6a7e21c2bee3f0110ca9a73733d","modified":1667386808672},{"_id":"themes/default/source/fonts/roboto/Roboto-Light.woff2","hash":"df835660087fc7421a7667d8b68d759e0e1dbbf8","modified":1667386808676},{"_id":"themes/default/source/fonts/roboto/Roboto-Medium.woff2","hash":"9f358fd5f441565282b54e8dc072a7d68f71a2fc","modified":1667386808679},{"_id":"themes/default/source/fonts/roboto/Roboto-Regular.woff2","hash":"a18bcf95ada923da31f176137b8add02b0ba60f3","modified":1667386808682},{"_id":"themes/default/source/fonts/roboto/Roboto-Thin.woff2","hash":"0592332e221316fd8331110568df461e87689cca","modified":1667386808685},{"_id":"themes/default/source/images/random/material-10.png","hash":"363466a376e4df9e61acc904cd25f3c7ae1a7280","modified":1667386808697},{"_id":"themes/default/source/images/random/material-12.png","hash":"d020b3d42542715c7ae95b3d8603fe3180bfe8f3","modified":1667386808698},{"_id":"themes/default/source/images/random/material-17.png","hash":"ece82810e31f711576db598c845c3d97bd49fe67","modified":1667386808703},{"_id":"themes/default/source/images/random/material-19.png","hash":"768ed1a4966e2e418cb00f6b36d2fc9058328eb3","modified":1667386808704},{"_id":"themes/default/source/images/random/material-3.png","hash":"848eaa70b9b0cd7a2204c78e8aa324d8f96bb097","modified":1667386808706},{"_id":"themes/default/source/images/random/material-4.png","hash":"b475dfbf67a076a4e17a5527fd1973b1d4adac07","modified":1667386808706},{"_id":"themes/default/source/images/random/material-6.png","hash":"2f841e0c064fecb607ad1e149662a0c96d9e725d","modified":1667386808708},{"_id":"themes/default/source/images/random/material-8.png","hash":"57db542d526ef6866cb34e261096e93a0e6f3a82","modified":1667386808709},{"_id":"themes/default/source/icons/custom-icons/iconfont.eot","hash":"88cae9d47326f77e37a521e08f4445526eb1a4c9","modified":1667386808688},{"_id":"themes/default/source/images/random/material-9.png","hash":"840319c4d1f38fb8df79eb4669ed2e14d89fd680","modified":1667386808710},{"_id":"themes/default/source/icons/custom-icons/iconfont.ttf","hash":"888487c710f152616af17d7d5bbcd74a2953a391","modified":1667386808689},{"_id":"themes/default/source/icons/custom-icons/iconfont.svg","hash":"8d811f35e35848a5e635055ca3c175c3f600619b","modified":1667386808689},{"_id":"themes/default/source/icons/custom-icons/iconfont.woff","hash":"adfa5ab1a81df7c353613492f54e125244b22da2","modified":1667386808690},{"_id":"themes/default/source/icons/custom-icons/iconfont.woff2","hash":"bba0df4d71619c06cb34700c2a8eaa72ddd87a2b","modified":1667386808690},{"_id":"themes/default/source/icons/material-icons/LICENSE.txt","hash":"1738cf1f69e5f9bcf00f2dba526d662745d979c5","modified":1667386808691},{"_id":"themes/default/source/icons/material-icons/MaterialIcons-Regular.ijmap","hash":"df468e87685c24b2a5d431036d4d5a434efdc28e","modified":1667386808692},{"_id":"themes/default/source/icons/material-icons/MaterialIcons-Regular.woff","hash":"c6c953c2ccb2ca9abb21db8dbf473b5a435f0082","modified":1667386808692},{"_id":"themes/default/source/icons/material-icons/MaterialIcons-Regular.woff2","hash":"09963592e8c953cc7e14e3fb0a5b05d5042e8435","modified":1667386808693},{"_id":"themes/default/source/images/banner.png","hash":"09dc164e22c87a9d736d625f0887b4bc33e7477e","modified":1667386808694},{"_id":"themes/default/source/fonts/roboto/Roboto-Black.woff","hash":"100a2d03d89a0e3e027a1500e4f4d715d1ed52a0","modified":1667386808668},{"_id":"themes/default/source/fonts/roboto/Roboto-Bold.woff","hash":"274d0176d3b2e324111d0f836625960bdf24a29a","modified":1667386808671},{"_id":"themes/default/source/fonts/roboto/Roboto-BlackItalic.woff","hash":"d2f8acc7e66ff51cc180bd998056e68dec30b8c6","modified":1667386808670},{"_id":"themes/default/source/fonts/roboto/Roboto-BlackItalic.woff2","hash":"45dc6a6ae29b2522ac98fc130d300d1c3ceee9b4","modified":1667386808670},{"_id":"themes/default/source/fonts/roboto/Roboto-BoldItalic.woff","hash":"83739a927323a1c00a5e61ef6da84fff9e15fbc8","modified":1667386808673},{"_id":"themes/default/source/fonts/roboto/Roboto-BoldItalic.woff2","hash":"99eaed1b19b50aeb3866d9ce568c290d15c965fb","modified":1667386808674},{"_id":"themes/default/source/fonts/roboto/Roboto-Light.woff","hash":"d6d654d36c6cf9053675860d00125d6c543560d8","modified":1667386808675},{"_id":"themes/default/source/fonts/roboto/Roboto-LightItalic.woff","hash":"184f1fc46df99866d5dbe03b57f3f6d9b9981ea0","modified":1667386808677},{"_id":"themes/default/source/fonts/roboto/Roboto-LightItalic.woff2","hash":"d72aa4d470b5923b3f614dd8ca25fd230dda8206","modified":1667386808678},{"_id":"themes/default/source/fonts/roboto/Roboto-Medium.woff","hash":"d3564215ac8f29bbf8c3d0602e1299ebcbe26ea9","modified":1667386808678},{"_id":"themes/default/source/fonts/roboto/Roboto-MediumItalic.woff","hash":"b1afeefecbee33ad50452ce3f728dfcf781c9d49","modified":1667386808680},{"_id":"themes/default/source/fonts/roboto/Roboto-Regular.woff","hash":"db6450746e5df1eb0636bc84f21aae94e1cafea4","modified":1667386808681},{"_id":"themes/default/source/fonts/roboto/Roboto-MediumItalic.woff2","hash":"2fbd77f1d63c3d339167aa754e716451d129e23f","modified":1667386808680},{"_id":"themes/default/source/fonts/roboto/Roboto-RegularItalic.woff","hash":"f3c32fd38c2f5fe34e54bdab2f238e469f48501a","modified":1667386808683},{"_id":"themes/default/source/fonts/roboto/Roboto-RegularItalic.woff2","hash":"bd9360a27d99a093c2f06857c21fd6e98b57a8c0","modified":1667386808683},{"_id":"themes/default/source/fonts/roboto/Roboto-Thin.woff","hash":"2d1c0c4d3ff8f91941499790d4fd63866e7c4852","modified":1667386808684},{"_id":"themes/default/source/fonts/roboto/Roboto-ThinItalic.woff","hash":"ea71e1a7f20df5de8048e06c70d0b756b83f867e","modified":1667386808686},{"_id":"themes/default/source/fonts/roboto/Roboto-ThinItalic.woff2","hash":"cf2e6e6e462a4ff1c980d2c0fdc7b9675a30c82b","modified":1667386808687},{"_id":"themes/default/source/images/random/material-1.png","hash":"4839299eaa4db7272befa7b824e54b647fbbfc44","modified":1667386808696},{"_id":"themes/default/source/images/random/material-11.png","hash":"ce20b0ad08a248c036115374f2edb7301ff60b72","modified":1667386808698},{"_id":"themes/default/source/images/random/material-13.png","hash":"1a8378db3121b583485e2b939cb1aa0e0b14b0c8","modified":1667386808699},{"_id":"themes/default/source/images/random/material-14.png","hash":"b4f65b601960138c69f57171b0ddd55895483f45","modified":1667386808700},{"_id":"themes/default/source/images/random/material-15.png","hash":"36b9937cf3810e4970902b78797ad29b0831f065","modified":1667386808701},{"_id":"themes/default/source/images/random/material-16.png","hash":"ade7f75200d3fb38326e3cf1e9f1a812fb12a43b","modified":1667386808702},{"_id":"themes/default/source/images/random/material-18.png","hash":"4b98204abe36ecd3f30678d2c22059130e0db328","modified":1667386808703},{"_id":"themes/default/source/images/random/material-2.png","hash":"faba2ce69c19d6c1dac392dd10b054e0061f6fb7","modified":1667386808705},{"_id":"themes/default/source/images/random/material-5.png","hash":"5041ebd073a139c67f8ed271e74c967c7eb9c5be","modified":1667386808707},{"_id":"themes/default/source/images/random/material-7.png","hash":"5c49ff3c064aaeb21227c2bd98b5ae422ddca84c","modified":1667386808708},{"_id":"themes/default/source/js/mdui.js","hash":"e47211f5da15c3f82062677bf608761dcae978ef","modified":1667386808712},{"_id":"themes/default/source/css/mdui.css","hash":"232caaf8f59460b1f7bf66a6fde94d8e5db11058","modified":1667386808665},{"_id":"public/custom.js","hash":"da39a3ee5e6b4b0d3255bfef95601890afd80709","modified":1667387817833},{"_id":"public/custom.css","hash":"da39a3ee5e6b4b0d3255bfef95601890afd80709","modified":1667387817833},{"_id":"public/archives/index.html","hash":"3a753ed36f354be7df183f4be7c067f0842b2966","modified":1667387817833},{"_id":"public/2022/11/02/hello-world/index.html","hash":"97bf62445dd0c400db08db2269dc92c7cd10a97b","modified":1667387817833},{"_id":"public/archives/2022/index.html","hash":"37610ae1d30bea95eef81de2743bb75df099f00b","modified":1667387817833},{"_id":"public/archives/2022/11/index.html","hash":"61281634b1f0f1dfffd708555b4c522a1100eec0","modified":1667387817833},{"_id":"public/index.html","hash":"44b3b878838affea88a7524c84350af221ce5c73","modified":1667387817833},{"_id":"public/images/avatar.png","hash":"bf483b0d495dbbcfb308348a945818e1c1cc9696","modified":1667387817833},{"_id":"public/images/grey.png","hash":"4562825d902a6cdb6414c75bfad492d98584c63a","modified":1667387817833},{"_id":"public/images/favicon.png","hash":"b1bcc84cedb2a618e8db93559ce7d58f9274085d","modified":1667387817833},{"_id":"public/fonts/roboto/LICENSE.txt","hash":"b314c7ebb7d599944981908b7f3ed33a30e78f3a","modified":1667387817833},{"_id":"public/images/random/material-10.png","hash":"363466a376e4df9e61acc904cd25f3c7ae1a7280","modified":1667387817833},{"_id":"public/images/random/material-9.png","hash":"840319c4d1f38fb8df79eb4669ed2e14d89fd680","modified":1667387817833},{"_id":"public/icons/custom-icons/iconfont.ttf","hash":"888487c710f152616af17d7d5bbcd74a2953a391","modified":1667387817833},{"_id":"public/icons/custom-icons/iconfont.eot","hash":"88cae9d47326f77e37a521e08f4445526eb1a4c9","modified":1667387817833},{"_id":"public/icons/custom-icons/iconfont.woff","hash":"adfa5ab1a81df7c353613492f54e125244b22da2","modified":1667387817833},{"_id":"public/icons/custom-icons/iconfont.svg","hash":"8d811f35e35848a5e635055ca3c175c3f600619b","modified":1667387817833},{"_id":"public/icons/custom-icons/iconfont.woff2","hash":"bba0df4d71619c06cb34700c2a8eaa72ddd87a2b","modified":1667387817833},{"_id":"public/icons/material-icons/LICENSE.txt","hash":"1738cf1f69e5f9bcf00f2dba526d662745d979c5","modified":1667387817833},{"_id":"public/icons/material-icons/MaterialIcons-Regular.ijmap","hash":"df468e87685c24b2a5d431036d4d5a434efdc28e","modified":1667387817833},{"_id":"public/icons/material-icons/MaterialIcons-Regular.woff2","hash":"09963592e8c953cc7e14e3fb0a5b05d5042e8435","modified":1667387817833},{"_id":"public/images/banner.png","hash":"09dc164e22c87a9d736d625f0887b4bc33e7477e","modified":1667387817833},{"_id":"public/fonts/roboto/Roboto-Black.woff","hash":"100a2d03d89a0e3e027a1500e4f4d715d1ed52a0","modified":1667387817833},{"_id":"public/fonts/roboto/Roboto-Black.woff2","hash":"36dd174e41242ff6318083409f7e6c700b25eba2","modified":1667387817833},{"_id":"public/fonts/roboto/Roboto-Bold.woff","hash":"274d0176d3b2e324111d0f836625960bdf24a29a","modified":1667387817833},{"_id":"public/fonts/roboto/Roboto-BlackItalic.woff","hash":"d2f8acc7e66ff51cc180bd998056e68dec30b8c6","modified":1667387817833},{"_id":"public/fonts/roboto/Roboto-BlackItalic.woff2","hash":"45dc6a6ae29b2522ac98fc130d300d1c3ceee9b4","modified":1667387817833},{"_id":"public/fonts/roboto/Roboto-Bold.woff2","hash":"9074123ec9d4d6a7e21c2bee3f0110ca9a73733d","modified":1667387817833},{"_id":"public/fonts/roboto/Roboto-BoldItalic.woff","hash":"83739a927323a1c00a5e61ef6da84fff9e15fbc8","modified":1667387817833},{"_id":"public/fonts/roboto/Roboto-BoldItalic.woff2","hash":"99eaed1b19b50aeb3866d9ce568c290d15c965fb","modified":1667387817833},{"_id":"public/fonts/roboto/Roboto-Light.woff","hash":"d6d654d36c6cf9053675860d00125d6c543560d8","modified":1667387817833},{"_id":"public/fonts/roboto/Roboto-Light.woff2","hash":"df835660087fc7421a7667d8b68d759e0e1dbbf8","modified":1667387817833},{"_id":"public/fonts/roboto/Roboto-LightItalic.woff2","hash":"d72aa4d470b5923b3f614dd8ca25fd230dda8206","modified":1667387817833},{"_id":"public/fonts/roboto/Roboto-LightItalic.woff","hash":"184f1fc46df99866d5dbe03b57f3f6d9b9981ea0","modified":1667387817833},{"_id":"public/fonts/roboto/Roboto-Medium.woff2","hash":"9f358fd5f441565282b54e8dc072a7d68f71a2fc","modified":1667387817833},{"_id":"public/fonts/roboto/Roboto-Medium.woff","hash":"d3564215ac8f29bbf8c3d0602e1299ebcbe26ea9","modified":1667387817833},{"_id":"public/fonts/roboto/Roboto-MediumItalic.woff","hash":"b1afeefecbee33ad50452ce3f728dfcf781c9d49","modified":1667387817833},{"_id":"public/fonts/roboto/Roboto-Regular.woff","hash":"db6450746e5df1eb0636bc84f21aae94e1cafea4","modified":1667387817833},{"_id":"public/fonts/roboto/Roboto-Regular.woff2","hash":"a18bcf95ada923da31f176137b8add02b0ba60f3","modified":1667387817833},{"_id":"public/fonts/roboto/Roboto-MediumItalic.woff2","hash":"2fbd77f1d63c3d339167aa754e716451d129e23f","modified":1667387817833},{"_id":"public/fonts/roboto/Roboto-RegularItalic.woff","hash":"f3c32fd38c2f5fe34e54bdab2f238e469f48501a","modified":1667387817833},{"_id":"public/fonts/roboto/Roboto-RegularItalic.woff2","hash":"bd9360a27d99a093c2f06857c21fd6e98b57a8c0","modified":1667387817833},{"_id":"public/fonts/roboto/Roboto-Thin.woff2","hash":"0592332e221316fd8331110568df461e87689cca","modified":1667387817833},{"_id":"public/fonts/roboto/Roboto-ThinItalic.woff2","hash":"cf2e6e6e462a4ff1c980d2c0fdc7b9675a30c82b","modified":1667387817833},{"_id":"public/fonts/roboto/Roboto-ThinItalic.woff","hash":"ea71e1a7f20df5de8048e06c70d0b756b83f867e","modified":1667387817833},{"_id":"public/images/random/material-1.png","hash":"4839299eaa4db7272befa7b824e54b647fbbfc44","modified":1667387817833},{"_id":"public/images/random/material-11.png","hash":"ce20b0ad08a248c036115374f2edb7301ff60b72","modified":1667387817833},{"_id":"public/images/random/material-12.png","hash":"d020b3d42542715c7ae95b3d8603fe3180bfe8f3","modified":1667387817833},{"_id":"public/images/random/material-13.png","hash":"1a8378db3121b583485e2b939cb1aa0e0b14b0c8","modified":1667387817833},{"_id":"public/images/random/material-14.png","hash":"b4f65b601960138c69f57171b0ddd55895483f45","modified":1667387817833},{"_id":"public/images/random/material-15.png","hash":"36b9937cf3810e4970902b78797ad29b0831f065","modified":1667387817833},{"_id":"public/images/random/material-16.png","hash":"ade7f75200d3fb38326e3cf1e9f1a812fb12a43b","modified":1667387817833},{"_id":"public/images/random/material-17.png","hash":"ece82810e31f711576db598c845c3d97bd49fe67","modified":1667387817833},{"_id":"public/images/random/material-19.png","hash":"768ed1a4966e2e418cb00f6b36d2fc9058328eb3","modified":1667387817833},{"_id":"public/images/random/material-4.png","hash":"b475dfbf67a076a4e17a5527fd1973b1d4adac07","modified":1667387817833},{"_id":"public/images/random/material-3.png","hash":"848eaa70b9b0cd7a2204c78e8aa324d8f96bb097","modified":1667387817833},{"_id":"public/images/random/material-6.png","hash":"2f841e0c064fecb607ad1e149662a0c96d9e725d","modified":1667387817833},{"_id":"public/images/random/material-8.png","hash":"57db542d526ef6866cb34e261096e93a0e6f3a82","modified":1667387817833},{"_id":"public/icons/material-icons/MaterialIcons-Regular.woff","hash":"c6c953c2ccb2ca9abb21db8dbf473b5a435f0082","modified":1667387817833},{"_id":"public/fonts/roboto/Roboto-Thin.woff","hash":"2d1c0c4d3ff8f91941499790d4fd63866e7c4852","modified":1667387817833},{"_id":"public/images/random/material-2.png","hash":"faba2ce69c19d6c1dac392dd10b054e0061f6fb7","modified":1667387817833},{"_id":"public/images/random/material-5.png","hash":"5041ebd073a139c67f8ed271e74c967c7eb9c5be","modified":1667387817833},{"_id":"public/images/random/material-7.png","hash":"5c49ff3c064aaeb21227c2bd98b5ae422ddca84c","modified":1667387817833},{"_id":"public/css/style.css","hash":"30b7d8a70d7f14a270e416fd942c262e082e47a5","modified":1667387817833},{"_id":"public/images/random/material-18.png","hash":"4b98204abe36ecd3f30678d2c22059130e0db328","modified":1667387817833},{"_id":"public/js/script.js","hash":"b5547c449d1e23c90b8b3ed6888d196e319cfa73","modified":1667387817833},{"_id":"public/js/mdui.js","hash":"b7a1b365f3e7d70546dbcbdcb1d24c851683f942","modified":1667387817833},{"_id":"public/css/mdui.css","hash":"a205f66802cdf8e9883d9879ee75d85b63247d4b","modified":1667387817833}],"Category":[],"Data":[],"Page":[],"Post":[{"uuid":"4971a02b-a0bf-e1d8-2691-b377a055220f","title":"Hello World","_content":"Welcome to [Hexo](https://hexo.io/)! This is your very first post. Check [documentation](https://hexo.io/docs/) for more info. If you get any problems when using Hexo, you can find the answer in [troubleshooting](https://hexo.io/docs/troubleshooting.html) or you can ask me on [GitHub](https://github.com/hexojs/hexo/issues).\n\n## Quick Start\n\n### Create a new post\n\n``` bash\n$ hexo new \"My New Post\"\n```\n\nMore info: [Writing](https://hexo.io/docs/writing.html)\n\n### Run server\n\n``` bash\n$ hexo server\n```\n\nMore info: [Server](https://hexo.io/docs/server.html)\n\n### Generate static files\n\n``` bash\n$ hexo generate\n```\n\nMore info: [Generating](https://hexo.io/docs/generating.html)\n\n### Deploy to remote sites\n\n``` bash\n$ hexo deploy\n```\n\nMore info: [Deployment](https://hexo.io/docs/one-command-deployment.html)\n","source":"_posts/hello-world.md","raw":"---\nuuid: 4971a02b-a0bf-e1d8-2691-b377a055220f\ntitle: Hello World\n---\nWelcome to [Hexo](https://hexo.io/)! This is your very first post. Check [documentation](https://hexo.io/docs/) for more info. If you get any problems when using Hexo, you can find the answer in [troubleshooting](https://hexo.io/docs/troubleshooting.html) or you can ask me on [GitHub](https://github.com/hexojs/hexo/issues).\n\n## Quick Start\n\n### Create a new post\n\n``` bash\n$ hexo new \"My New Post\"\n```\n\nMore info: [Writing](https://hexo.io/docs/writing.html)\n\n### Run server\n\n``` bash\n$ hexo server\n```\n\nMore info: [Server](https://hexo.io/docs/server.html)\n\n### Generate static files\n\n``` bash\n$ hexo generate\n```\n\nMore info: [Generating](https://hexo.io/docs/generating.html)\n\n### Deploy to remote sites\n\n``` bash\n$ hexo deploy\n```\n\nMore info: [Deployment](https://hexo.io/docs/one-command-deployment.html)\n","slug":"hello-world","published":1,"date":"2022-11-02T03:31:53.907Z","updated":"2022-11-02T11:10:50.469Z","comments":1,"layout":"post","photos":[],"link":"","_id":"cl9zjnn8m0000sglmhgw16mts","content":"<p>Welcome to <a href=\"https://hexo.io/\">Hexo</a>! This is your very first post. Check <a href=\"https://hexo.io/docs/\">documentation</a> for more info. If you get any problems when using Hexo, you can find the answer in <a href=\"https://hexo.io/docs/troubleshooting.html\">troubleshooting</a> or you can ask me on <a href=\"https://github.com/hexojs/hexo/issues\">GitHub</a>.</p>\n<h2 id=\"Quick-Start\"><a href=\"#Quick-Start\" class=\"headerlink\" title=\"Quick Start\"></a>Quick Start</h2><h3 id=\"Create-a-new-post\"><a href=\"#Create-a-new-post\" class=\"headerlink\" title=\"Create a new post\"></a>Create a new post</h3><figure class=\"highlight bash\"><table><tr><td class=\"gutter\"><pre><span class=\"line\">1</span><br></pre></td><td class=\"code\"><pre><span class=\"line\">$ hexo new <span class=\"string\">&quot;My New Post&quot;</span></span><br></pre></td></tr></table></figure>\n\n<p>More info: <a href=\"https://hexo.io/docs/writing.html\">Writing</a></p>\n<h3 id=\"Run-server\"><a href=\"#Run-server\" class=\"headerlink\" title=\"Run server\"></a>Run server</h3><figure class=\"highlight bash\"><table><tr><td class=\"gutter\"><pre><span class=\"line\">1</span><br></pre></td><td class=\"code\"><pre><span class=\"line\">$ hexo server</span><br></pre></td></tr></table></figure>\n\n<p>More info: <a href=\"https://hexo.io/docs/server.html\">Server</a></p>\n<h3 id=\"Generate-static-files\"><a href=\"#Generate-static-files\" class=\"headerlink\" title=\"Generate static files\"></a>Generate static files</h3><figure class=\"highlight bash\"><table><tr><td class=\"gutter\"><pre><span class=\"line\">1</span><br></pre></td><td class=\"code\"><pre><span class=\"line\">$ hexo generate</span><br></pre></td></tr></table></figure>\n\n<p>More info: <a href=\"https://hexo.io/docs/generating.html\">Generating</a></p>\n<h3 id=\"Deploy-to-remote-sites\"><a href=\"#Deploy-to-remote-sites\" class=\"headerlink\" title=\"Deploy to remote sites\"></a>Deploy to remote sites</h3><figure class=\"highlight bash\"><table><tr><td class=\"gutter\"><pre><span class=\"line\">1</span><br></pre></td><td class=\"code\"><pre><span class=\"line\">$ hexo deploy</span><br></pre></td></tr></table></figure>\n\n<p>More info: <a href=\"https://hexo.io/docs/one-command-deployment.html\">Deployment</a></p>\n","site":{"data":{}},"excerpt":"","more":"<p>Welcome to <a href=\"https://hexo.io/\">Hexo</a>! This is your very first post. Check <a href=\"https://hexo.io/docs/\">documentation</a> for more info. If you get any problems when using Hexo, you can find the answer in <a href=\"https://hexo.io/docs/troubleshooting.html\">troubleshooting</a> or you can ask me on <a href=\"https://github.com/hexojs/hexo/issues\">GitHub</a>.</p>\n<h2 id=\"Quick-Start\"><a href=\"#Quick-Start\" class=\"headerlink\" title=\"Quick Start\"></a>Quick Start</h2><h3 id=\"Create-a-new-post\"><a href=\"#Create-a-new-post\" class=\"headerlink\" title=\"Create a new post\"></a>Create a new post</h3><figure class=\"highlight bash\"><table><tr><td class=\"gutter\"><pre><span class=\"line\">1</span><br></pre></td><td class=\"code\"><pre><span class=\"line\">$ hexo new <span class=\"string\">&quot;My New Post&quot;</span></span><br></pre></td></tr></table></figure>\n\n<p>More info: <a href=\"https://hexo.io/docs/writing.html\">Writing</a></p>\n<h3 id=\"Run-server\"><a href=\"#Run-server\" class=\"headerlink\" title=\"Run server\"></a>Run server</h3><figure class=\"highlight bash\"><table><tr><td class=\"gutter\"><pre><span class=\"line\">1</span><br></pre></td><td class=\"code\"><pre><span class=\"line\">$ hexo server</span><br></pre></td></tr></table></figure>\n\n<p>More info: <a href=\"https://hexo.io/docs/server.html\">Server</a></p>\n<h3 id=\"Generate-static-files\"><a href=\"#Generate-static-files\" class=\"headerlink\" title=\"Generate static files\"></a>Generate static files</h3><figure class=\"highlight bash\"><table><tr><td class=\"gutter\"><pre><span class=\"line\">1</span><br></pre></td><td class=\"code\"><pre><span class=\"line\">$ hexo generate</span><br></pre></td></tr></table></figure>\n\n<p>More info: <a href=\"https://hexo.io/docs/generating.html\">Generating</a></p>\n<h3 id=\"Deploy-to-remote-sites\"><a href=\"#Deploy-to-remote-sites\" class=\"headerlink\" title=\"Deploy to remote sites\"></a>Deploy to remote sites</h3><figure class=\"highlight bash\"><table><tr><td class=\"gutter\"><pre><span class=\"line\">1</span><br></pre></td><td class=\"code\"><pre><span class=\"line\">$ hexo deploy</span><br></pre></td></tr></table></figure>\n\n<p>More info: <a href=\"https://hexo.io/docs/one-command-deployment.html\">Deployment</a></p>\n"}],"PostAsset":[],"PostCategory":[],"PostTag":[],"Tag":[]}}